{"cameraMode":{"drawMode":0,"name":"Shaded","section":"Shading Mode"},"sceneLighting":false,"audioPlay":false,"sceneViewState":{"showFog":false,"showMaterialUpdate":false,"showSkybox":false,"showFlares":false,"showImageEffects":false,"showParticleSystems":false},"in2DMode":false,"pivot":{"x":1.0991122722625733,"y":0.5295299887657166,"z":3.0446271896362306},"rotation":{"x":-0.008998421020805836,"y":-0.01799830049276352,"z":-0.0001619891554582864,"w":0.9997975826263428},"size":3.408129930496216,"orthographic":true}